FREQ_ID,FREQ_NAME,REF_AREA_ID,REF_AREA_NAME,INDICATOR_ID,INDICATOR_NAME,UNIT_MEASURE_ID,UNIT_MEASURE_NAME,DATABASE_ID_ID,DATABASE_ID_NAME,UNIT_MULT_ID,UNIT_MULT_NAME,OBS_STATUS_ID,OBS_STATUS_NAME,OBS_CONF_ID,OBS_CONF_NAME,1998,1999,2000,2001,2002,2003,2004,2005,2006,2007,2008,2009,2010,2011,2012,2013,2014,2015,2016,2017,2018,2019,2020,2021,2022,2023
A,Annual,ABW,Aruba,WB_EDSTATS_UIS_FOSGP_5T8_F500600700,"Percentage of graduates from Science, Technology, Engineering and Mathematics programmes in tertiary education, (%)",SHARE,Share (proportion),WB_EDSTATS,Education Statistics,0,Units,A,Normal value,PU,Public,,34.53607941,22.2627697,25.69444084,24.12450981,13.92045021,15.0,25.30611992,12.59259033,22.66666985,23.77622032,9.82456017,20.54264069,13.39031029,15.10297012,,,0.0,2.22221994,,,,,,,
A,Annual,AFG,Afghanistan,WB_EDSTATS_UIS_FOSGP_5T8_F500600700,"Percentage of graduates from Science, Technology, Engineering and Mathematics programmes in tertiary education, (%)",SHARE,Share (proportion),WB_EDSTATS,Education Statistics,0,Units,A,Normal value,PU,Public,,,,,,,,,,,,,,,,,,,,,,,11.24512005,,,
A,Annual,AGO,Angola,WB_EDSTATS_UIS_FOSGP_5T8_F500600700,"Percentage of graduates from Science, Technology, Engineering and Mathematics programmes in tertiary education, (%)",SHARE,Share (proportion),WB_EDSTATS,Education Statistics,0,Units,A,Normal value,PU,Public,,11.46953011,,,18.6046505,,,,,,,,,,,,,12.0104599,,,,,,,,
A,Annual,ALB,Albania,WB_EDSTATS_UIS_FOSGP_5T8_F500600700,"Percentage of graduates from Science, Technology, Engineering and Mathematics programmes in tertiary education, (%)",SHARE,Share (proportion),WB_EDSTATS,Education Statistics,0,Units,A,Normal value,PU,Public,,,7.0327301,5.91165018,,6.13225985,,,,,,,,13.78547001,,,,18.14513016,17.72031975,19.35247993,20.62858963,18.82147026,20.11006927,18.54084015,20.81203079,
A,Annual,AND,Andorra,WB_EDSTATS_UIS_FOSGP_5T8_F500600700,"Percentage of graduates from Science, Technology, Engineering and Mathematics programmes in tertiary education, (%)",SHARE,Share (proportion),WB_EDSTATS,Education Statistics,0,Units,A,Normal value,PU,Public,,,,,34.48276138,45.94594955,37.77777863,34.92063141,38.09524155,,23.80952072,,,,7.31707001,,,2.12766004,5.55556011,3.52940989,13.46154022,13.58024979,19.6261692,7.44680977,28.18181992,
A,Annual,ARE,United Arab Emirates,WB_EDSTATS_UIS_FOSGP_5T8_F500600700,"Percentage of graduates from Science, Technology, Engineering and Mathematics programmes in tertiary education, (%)",SHARE,Share (proportion),WB_EDSTATS,Education Statistics,0,Units,A,Normal value,PU,Public,,,,,,,,,,,,,,25.68419075,26.21099091,,,21.81908989,21.99403954,27.73270035,,30.98076057,33.14601898,,,
A,Annual,ARG,Argentina,WB_EDSTATS_UIS_FOSGP_5T8_F500600700,"Percentage of graduates from Science, Technology, Engineering and Mathematics programmes in tertiary education, (%)",SHARE,Share (proportion),WB_EDSTATS,Education Statistics,0,Units,A,Normal value,PU,Public,,,,,,,,,13.78744984,12.85223961,12.20761013,14.45357037,13.63010025,13.62162018,,,,,,,16.04743958,15.42269993,14.14630032,15.04236031,,
A,Annual,ARM,Armenia,WB_EDSTATS_UIS_FOSGP_5T8_F500600700,"Percentage of graduates from Science, Technology, Engineering and Mathematics programmes in tertiary education, (%)",SHARE,Share (proportion),WB_EDSTATS,Education Statistics,0,Units,A,Normal value,PU,Public,,,,,,,,,,,,,16.29907036,,,,,13.29992962,11.26060963,14.72249985,15.16639996,17.14431953,16.64071083,17.71615028,18.39043045,
A,Annual,ASM,American Samoa,WB_EDSTATS_UIS_FOSGP_5T8_F500600700,"Percentage of graduates from Science, Technology, Engineering and Mathematics programmes in tertiary education, (%)",SHARE,Share (proportion),WB_EDSTATS,Education Statistics,0,Units,A,Normal value,PU,Public,,,,,,,,,,10.37736034,,,,,,,,,,,,,,,,
A,Annual,ATG,Antigua and Barbuda,WB_EDSTATS_UIS_FOSGP_5T8_F500600700,"Percentage of graduates from Science, Technology, Engineering and Mathematics programmes in tertiary education, (%)",SHARE,Share (proportion),WB_EDSTATS,Education Statistics,0,Units,A,Normal value,PU,Public,,,,,,,,,,,,25.0,9.18918991,14.8148098,4.72441006,,,,,,,,,,,
A,Annual,AUS,Australia,WB_EDSTATS_UIS_FOSGP_5T8_F500600700,"Percentage of graduates from Science, Technology, Engineering and Mathematics programmes in tertiary education, (%)",SHARE,Share (proportion),WB_EDSTATS,Education Statistics,0,Units,A,Normal value,PU,Public,,20.84326935,20.3021698,,22.94787025,22.5710907,,22.17170906,20.31905937,19.08358955,18.34757996,17.27754021,,16.67865944,,17.00458908,17.57164955,17.63768959,,18.42956924,17.39794922,18.63032913,20.54981041,20.67756081,19.14706993,
A,Annual,AUT,Austria,WB_EDSTATS_UIS_FOSGP_5T8_F500600700,"Percentage of graduates from Science, Technology, Engineering and Mathematics programmes in tertiary education, (%)",SHARE,Share (proportion),WB_EDSTATS,Education Statistics,0,Units,A,Normal value,PU,Public,,,,,,,,,,31.1736393,30.21138954,30.22236061,30.86039925,30.32530975,28.48385048,28.45259094,30.89188004,29.27169991,30.29507065,,31.03226089,31.39673996,30.57451057,30.5959301,,
A,Annual,AZE,Azerbaijan,WB_EDSTATS_UIS_FOSGP_5T8_F500600700,"Percentage of graduates from Science, Technology, Engineering and Mathematics programmes in tertiary education, (%)",SHARE,Share (proportion),WB_EDSTATS,Education Statistics,0,Units,A,Normal value,PU,Public,,,,,,,,,,,18.61330032,16.07588959,16.82716942,16.42411995,16.47390938,,,24.08530045,24.21986961,23.61430931,23.52157974,25.90974045,24.15966034,24.16160011,25.29042053,
A,Annual,BDI,Burundi,WB_EDSTATS_UIS_FOSGP_5T8_F500600700,"Percentage of graduates from Science, Technology, Engineering and Mathematics programmes in tertiary education, (%)",SHARE,Share (proportion),WB_EDSTATS,Education Statistics,0,Units,A,Normal value,PU,Public,,,,4.46193981,,,12.82495975,,,,,,11.91672993,,,,,,24.28948021,20.63282013,19.67246056,,,,,
A,Annual,BEL,Belgium,WB_EDSTATS_UIS_FOSGP_5T8_F500600700,"Percentage of graduates from Science, Technology, Engineering and Mathematics programmes in tertiary education, (%)",SHARE,Share (proportion),WB_EDSTATS,Education Statistics,0,Units,A,Normal value,PU,Public,,,19.37998962,19.31283951,19.37647057,,,,17.18293953,,16.07127953,16.36945915,16.33023071,16.7282505,16.65111923,17.29079056,17.97488976,17.38282967,17.05458069,16.70148087,16.98965073,17.55337906,17.58300018,18.60499001,,
A,Annual,BEN,Benin,WB_EDSTATS_UIS_FOSGP_5T8_F500600700,"Percentage of graduates from Science, Technology, Engineering and Mathematics programmes in tertiary education, (%)",SHARE,Share (proportion),WB_EDSTATS,Education Statistics,0,Units,A,Normal value,PU,Public,,,,,,,,,,,,,,13.24118996,,,14.24639034,20.70981979,,,20.91008949,23.96076965,19.65751076,21.75691032,,
A,Annual,BFA,Burkina Faso,WB_EDSTATS_UIS_FOSGP_5T8_F500600700,"Percentage of graduates from Science, Technology, Engineering and Mathematics programmes in tertiary education, (%)",SHARE,Share (proportion),WB_EDSTATS,Education Statistics,0,Units,A,Normal value,PU,Public,,,,,,,,,,,,,23.33403969,22.83181953,20.34596062,,15.92790031,15.52604961,14.59436035,15.42148972,19.67860031,20.26460075,20.34581947,20.67567062,25.33753014,
A,Annual,BGD,Bangladesh,WB_EDSTATS_UIS_FOSGP_5T8_F500600700,"Percentage of graduates from Science, Technology, Engineering and Mathematics programmes in tertiary education, (%)",SHARE,Share (proportion),WB_EDSTATS,Education Statistics,0,Units,A,Normal value,PU,Public,,,,,,,,,,,,,,,,,,,11.27612019,11.27612019,,11.14589024,11.14585018,,,
A,Annual,BGR,Bulgaria,WB_EDSTATS_UIS_FOSGP_5T8_F500600700,"Percentage of graduates from Science, Technology, Engineering and Mathematics programmes in tertiary education, (%)",SHARE,Share (proportion),WB_EDSTATS,Education Statistics,0,Units,A,Normal value,PU,Public,,19.00737953,18.29059029,20.58984947,27.60330963,21.31269073,22.04233932,22.01008034,,22.11540985,18.94008064,19.88997078,20.8449707,20.19112015,22.6758194,21.20049095,21.04681969,20.79306984,19.66448021,20.51326942,19.27680016,19.81579018,19.50598907,,,
A,Annual,BHR,Bahrain,WB_EDSTATS_UIS_FOSGP_5T8_F500600700,"Percentage of graduates from Science, Technology, Engineering and Mathematics programmes in tertiary education, (%)",SHARE,Share (proportion),WB_EDSTATS,Education Statistics,0,Units,A,Normal value,PU,Public,,,,,,18.6301403,,19.91205978,17.91044998,,,,,,,,,18.92461967,17.01865005,15.5915699,16.1459198,15.59016991,15.49413013,15.77717018,16.36215973,
A,Annual,BIH,Bosnia and Herzegovina,WB_EDSTATS_UIS_FOSGP_5T8_F500600700,"Percentage of graduates from Science, Technology, Engineering and Mathematics programmes in tertiary education, (%)",SHARE,Share (proportion),WB_EDSTATS,Education Statistics,0,Units,A,Normal value,PU,Public,,,,,,,,,,,,,,,,,,16.97994041,19.70846939,20.31225967,21.21636009,23.52244949,23.32111931,23.96216011,24.51832962,
A,Annual,BLR,Belarus,WB_EDSTATS_UIS_FOSGP_5T8_F500600700,"Percentage of graduates from Science, Technology, Engineering and Mathematics programmes in tertiary education, (%)",SHARE,Share (proportion),WB_EDSTATS,Education Statistics,0,Units,A,Normal value,PU,Public,,,,,,,24.9878006,25.72697067,,26.27042961,,,,,,,,33.49279022,33.14884949,33.23204041,33.86251831,34.68387985,35.45761108,34.61437988,31.95085907,
A,Annual,BLZ,Belize,WB_EDSTATS_UIS_FOSGP_5T8_F500600700,"Percentage of graduates from Science, Technology, Engineering and Mathematics programmes in tertiary education, (%)",SHARE,Share (proportion),WB_EDSTATS,Education Statistics,0,Units,A,Normal value,PU,Public,,,,,,,,,,,,,,,,,,18.0105896,,,,,21.39253044,18.39022064,23.59172058,
A,Annual,BMU,Bermuda,WB_EDSTATS_UIS_FOSGP_5T8_F500600700,"Percentage of graduates from Science, Technology, Engineering and Mathematics programmes in tertiary education, (%)",SHARE,Share (proportion),WB_EDSTATS,Education Statistics,0,Units,A,Normal value,PU,Public,,,,15.15151978,,,,18.36734962,,22.15568924,,23.74101067,22.10526085,23.95833015,30.97344971,,,23.68420982,,20.43795967,38.02817154,,,,,26.96628952
A,Annual,BRA,Brazil,WB_EDSTATS_UIS_FOSGP_5T8_F500600700,"Percentage of graduates from Science, Technology, Engineering and Mathematics programmes in tertiary education, (%)",SHARE,Share (proportion),WB_EDSTATS,Education Statistics,0,Units,A,Normal value,PU,Public,,,,13.39323997,12.80331039,12.56602955,12.3688097,12.34566975,,13.04442978,12.34484959,12.77501011,12.28639984,12.20433044,12.96057987,,16.14632988,15.34799957,16.85954094,17.73360062,18.36664963,18.53487968,17.49741936,,,
A,Annual,BRN,Brunei Darussalam,WB_EDSTATS_UIS_FOSGP_5T8_F500600700,"Percentage of graduates from Science, Technology, Engineering and Mathematics programmes in tertiary education, (%)",SHARE,Share (proportion),WB_EDSTATS,Education Statistics,0,Units,A,Normal value,PU,Public,,9.62963009,11.33568001,12.16341972,,8.22093964,11.38329029,10.65332985,8.94828987,14.25914001,15.02591038,15.09210014,21.91044998,20.73911095,18.25683022,,,30.49132919,,,39.2274704,40.14437866,38.38647079,,,
A,Annual,BWA,Botswana,WB_EDSTATS_UIS_FOSGP_5T8_F500600700,"Percentage of graduates from Science, Technology, Engineering and Mathematics programmes in tertiary education, (%)",SHARE,Share (proportion),WB_EDSTATS,Education Statistics,0,Units,A,Normal value,PU,Public,,21.74230957,,8.2446804,13.64204979,,,,,,,,,,,,,,,,,,18.50805092,19.73843002,,
A,Annual,CAN,Canada,WB_EDSTATS_UIS_FOSGP_5T8_F500600700,"Percentage of graduates from Science, Technology, Engineering and Mathematics programmes in tertiary education, (%)",SHARE,Share (proportion),WB_EDSTATS,Education Statistics,0,Units,A,Normal value,PU,Public,22.26206017,,,,,,,,,,,,,,,20.71710968,20.43725967,20.02749062,21.30080986,,22.37561989,25.05427933,25.70546913,26.1891098,,
A,Annual,CHE,Switzerland,WB_EDSTATS_UIS_FOSGP_5T8_F500600700,"Percentage of graduates from Science, Technology, Engineering and Mathematics programmes in tertiary education, (%)",SHARE,Share (proportion),WB_EDSTATS,Education Statistics,0,Units,A,Normal value,PU,Public,,25.09465027,25.27603912,24.39790916,23.94322014,22.54015923,22.48036003,23.97430992,22.9743309,,21.36356926,22.35676003,20.72265053,21.8239193,,23.03043938,23.25597954,24.38324928,24.53046036,24.85230064,25.21236992,25.3517704,25.17020035,25.32761002,,
A,Annual,CHL,Chile,WB_EDSTATS_UIS_FOSGP_5T8_F500600700,"Percentage of graduates from Science, Technology, Engineering and Mathematics programmes in tertiary education, (%)",SHARE,Share (proportion),WB_EDSTATS,Education Statistics,0,Units,A,Normal value,PU,Public,,,,,,,26.4616394,,26.51939964,26.98405075,22.67700005,20.97281075,20.53292084,,19.54034042,19.26935005,19.97364998,20.10326004,19.90402985,20.46533966,20.94617081,20.56810951,21.40974045,20.50560951,21.38279915,
A,Annual,CMR,Cameroon,WB_EDSTATS_UIS_FOSGP_5T8_F500600700,"Percentage of graduates from Science, Technology, Engineering and Mathematics programmes in tertiary education, (%)",SHARE,Share (proportion),WB_EDSTATS,Education Statistics,0,Units,A,Normal value,PU,Public,,,,,,,,,24.91198921,,18.74706078,,21.33558083,,,,,,,,,,,,,
A,Annual,COD,"Congo, Dem. Rep.",WB_EDSTATS_UIS_FOSGP_5T8_F500600700,"Percentage of graduates from Science, Technology, Engineering and Mathematics programmes in tertiary education, (%)",SHARE,Share (proportion),WB_EDSTATS,Education Statistics,0,Units,A,Normal value,PU,Public,,,,,,,,,,,,,,,,,,,15.46234989,,,,,,,
A,Annual,COG,"Congo, Rep.",WB_EDSTATS_UIS_FOSGP_5T8_F500600700,"Percentage of graduates from Science, Technology, Engineering and Mathematics programmes in tertiary education, (%)",SHARE,Share (proportion),WB_EDSTATS,Education Statistics,0,Units,A,Normal value,PU,Public,,,,,,,,,,,,,,,,,,,,15.13064003,,,,,,
A,Annual,COL,Colombia,WB_EDSTATS_UIS_FOSGP_5T8_F500600700,"Percentage of graduates from Science, Technology, Engineering and Mathematics programmes in tertiary education, (%)",SHARE,Share (proportion),WB_EDSTATS,Education Statistics,0,Units,A,Normal value,PU,Public,,,,,24.69111061,,,,,,,,,22.9342308,22.12730026,,23.28125,22.70119095,23.63948059,23.66474915,23.12693024,24.63013077,23.51935959,23.91124916,,
A,Annual,COM,Comoros,WB_EDSTATS_UIS_FOSGP_5T8_F500600700,"Percentage of graduates from Science, Technology, Engineering and Mathematics programmes in tertiary education, (%)",SHARE,Share (proportion),WB_EDSTATS,Education Statistics,0,Units,A,Normal value,PU,Public,,10.16259956,0.0,,,,,,,,,,,,,,,,,,,,,,,
A,Annual,CPV,Cabo Verde,WB_EDSTATS_UIS_FOSGP_5T8_F500600700,"Percentage of graduates from Science, Technology, Engineering and Mathematics programmes in tertiary education, (%)",SHARE,Share (proportion),WB_EDSTATS,Education Statistics,0,Units,A,Normal value,PU,Public,,,,,,,,,,,,,,,,,,,11.42444038,16.41658974,16.12676048,,,,,
A,Annual,CRI,Costa Rica,WB_EDSTATS_UIS_FOSGP_5T8_F500600700,"Percentage of graduates from Science, Technology, Engineering and Mathematics programmes in tertiary education, (%)",SHARE,Share (proportion),WB_EDSTATS,Education Statistics,0,Units,A,Normal value,PU,Public,,,,13.3519001,12.26618004,,,,,13.67759991,,,11.43253994,12.44604015,,,,12.87716961,13.09072971,14.39941025,15.45586967,15.11316013,16.22776031,15.71689034,,
A,Annual,CUB,Cuba,WB_EDSTATS_UIS_FOSGP_5T8_F500600700,"Percentage of graduates from Science, Technology, Engineering and Mathematics programmes in tertiary education, (%)",SHARE,Share (proportion),WB_EDSTATS,Education Statistics,0,Units,A,Normal value,PU,Public,,,,,13.12790012,,,,,,,,,,,,,,8.74985981,,,20.83716965,14.38185978,12.27476025,,
A,Annual,CYM,Cayman Islands,WB_EDSTATS_UIS_FOSGP_5T8_F500600700,"Percentage of graduates from Science, Technology, Engineering and Mathematics programmes in tertiary education, (%)",SHARE,Share (proportion),WB_EDSTATS,Education Statistics,0,Units,A,Normal value,PU,Public,,,,,,,,,18.57143021,42.10525894,35.26786041,,,,,,,,,,,,,,,
A,Annual,CYP,Cyprus,WB_EDSTATS_UIS_FOSGP_5T8_F500600700,"Percentage of graduates from Science, Technology, Engineering and Mathematics programmes in tertiary education, (%)",SHARE,Share (proportion),WB_EDSTATS,Education Statistics,0,Units,A,Normal value,PU,Public,,14.01616955,,,13.13842964,12.79743004,,,13.91913033,12.35095978,12.60365009,13.6886301,13.2990303,17.21463013,21.86943054,19.01165009,17.01662064,17.37816048,15.89074039,14.9720602,15.14920044,13.59119987,13.11159992,11.16790962,,
A,Annual,CZE,Czechia,WB_EDSTATS_UIS_FOSGP_5T8_F500600700,"Percentage of graduates from Science, Technology, Engineering and Mathematics programmes in tertiary education, (%)",SHARE,Share (proportion),WB_EDSTATS,Education Statistics,0,Units,A,Normal value,PU,Public,,24.26152992,24.71335983,22.24896049,23.44035912,22.90897942,22.75629997,22.52743912,,24.8796196,26.03095055,24.51402092,24.09571075,22.62924957,22.45274925,23.9582901,22.45894051,23.17185974,23.45063972,23.86177063,26.1180706,25.85884094,25.87601089,25.46944046,,
A,Annual,DEU,Germany,WB_EDSTATS_UIS_FOSGP_5T8_F500600700,"Percentage of graduates from Science, Technology, Engineering and Mathematics programmes in tertiary education, (%)",SHARE,Share (proportion),WB_EDSTATS,Education Statistics,0,Units,A,Normal value,PU,Public,,27.80365944,26.91868019,26.2793293,26.51639938,,,,,,,,,,,,,36.74026108,36.04018021,35.55347061,35.30881119,36.78192902,35.82162094,35.13888931,,
A,Annual,DJI,Djibouti,WB_EDSTATS_UIS_FOSGP_5T8_F500600700,"Percentage of graduates from Science, Technology, Engineering and Mathematics programmes in tertiary education, (%)",SHARE,Share (proportion),WB_EDSTATS,Education Statistics,0,Units,A,Normal value,PU,Public,,0.0,,,,,,,,,,46.46781921,,,,,,,,,,,,,,
A,Annual,DNK,Denmark,WB_EDSTATS_UIS_FOSGP_5T8_F500600700,"Percentage of graduates from Science, Technology, Engineering and Mathematics programmes in tertiary education, (%)",SHARE,Share (proportion),WB_EDSTATS,Education Statistics,0,Units,A,Normal value,PU,Public,,19.60835075,18.26263046,21.82126045,22.22986031,19.82785034,19.47738075,18.90592003,18.1661396,19.97286034,19.49189949,18.94045067,19.40262985,20.25871086,21.32032967,20.44924927,20.78268051,19.62433052,20.46313095,20.97698021,22.20288086,22.53786087,23.00642967,23.9949894,,
A,Annual,DOM,Dominican Republic,WB_EDSTATS_UIS_FOSGP_5T8_F500600700,"Percentage of graduates from Science, Technology, Engineering and Mathematics programmes in tertiary education, (%)",SHARE,Share (proportion),WB_EDSTATS,Education Statistics,0,Units,A,Normal value,PU,Public,,,,,,,,,,,,,,,,,,14.3013401,14.07833958,11.55195999,,,11.82159042,13.5051899,,
A,Annual,DZA,Algeria,WB_EDSTATS_UIS_FOSGP_5T8_F500600700,"Percentage of graduates from Science, Technology, Engineering and Mathematics programmes in tertiary education, (%)",SHARE,Share (proportion),WB_EDSTATS,Education Statistics,0,Units,A,Normal value,PU,Public,,,,,,,,,,25.38279915,,24.01218987,29.10560989,26.11730957,,,,31.21939087,31.06930923,,34.23498154,32.42552185,29.58332062,30.12995911,29.89043045,
A,Annual,ECU,Ecuador,WB_EDSTATS_UIS_FOSGP_5T8_F500600700,"Percentage of graduates from Science, Technology, Engineering and Mathematics programmes in tertiary education, (%)",SHARE,Share (proportion),WB_EDSTATS,Education Statistics,0,Units,A,Normal value,PU,Public,,,,,,,,,,12.01963043,13.28052998,,,,,,14.33887005,16.6878109,15.83638,,9.37841988,16.2435894,18.29923058,,,
A,Annual,EGY,"Egypt, Arab Rep.",WB_EDSTATS_UIS_FOSGP_5T8_F500600700,"Percentage of graduates from Science, Technology, Engineering and Mathematics programmes in tertiary education, (%)",SHARE,Share (proportion),WB_EDSTATS,Education Statistics,0,Units,A,Normal value,PU,Public,,,,,,,,,,,,,,,,,,,11.24118996,,,,,,16.87924004,
A,Annual,ERI,Eritrea,WB_EDSTATS_UIS_FOSGP_5T8_F500600700,"Percentage of graduates from Science, Technology, Engineering and Mathematics programmes in tertiary education, (%)",SHARE,Share (proportion),WB_EDSTATS,Education Statistics,0,Units,A,Normal value,PU,Public,,20.65613937,27.03776932,,17.34317017,29.46429062,18.97927094,,,,,,,,,,,,29.04854012,,,,,,,
A,Annual,ESP,Spain,WB_EDSTATS_UIS_FOSGP_5T8_F500600700,"Percentage of graduates from Science, Technology, Engineering and Mathematics programmes in tertiary education, (%)",SHARE,Share (proportion),WB_EDSTATS,Education Statistics,0,Units,A,Normal value,PU,Public,,23.78615952,25.42914963,27.28025055,27.93445969,28.97752953,28.76682091,27.89454079,27.54784966,27.14930916,26.72246933,26.4021492,26.30594063,25.83959961,22.78544998,25.78223991,24.65685081,25.37435913,23.8803997,23.45458031,22.26664925,,20.80768013,21.46225929,,
A,Annual,EST,Estonia,WB_EDSTATS_UIS_FOSGP_5T8_F500600700,"Percentage of graduates from Science, Technology, Engineering and Mathematics programmes in tertiary education, (%)",SHARE,Share (proportion),WB_EDSTATS,Education Statistics,0,Units,A,Normal value,PU,Public,,18.92480087,19.41802979,18.71052933,17.27202034,18.92275047,18.53443909,22.8440609,21.61787987,23.7789402,23.55223083,22.69997025,23.65591049,24.21372986,24.83168983,27.12800026,26.40823936,26.47031021,27.46052933,28.83992958,27.73244095,27.90954971,27.47613907,28.12272072,,
A,Annual,ETH,Ethiopia,WB_EDSTATS_UIS_FOSGP_5T8_F500600700,"Percentage of graduates from Science, Technology, Engineering and Mathematics programmes in tertiary education, (%)",SHARE,Share (proportion),WB_EDSTATS,Education Statistics,0,Units,A,Normal value,PU,Public,,13.20864964,10.56161976,,10.6721096,12.40110016,13.00889969,15.30035973,,,11.21716976,,,,,,,,,,,,,,,
A,Annual,FIN,Finland,WB_EDSTATS_UIS_FOSGP_5T8_F500600700,"Percentage of graduates from Science, Technology, Engineering and Mathematics programmes in tertiary education, (%)",SHARE,Share (proportion),WB_EDSTATS,Education Statistics,0,Units,A,Normal value,PU,Public,26.41494942,29.95665932,28.2919693,29.95284081,29.09090996,30.11128998,30.32926941,,,,,28.4765892,32.14868164,28.10936928,27.93169975,27.91200066,27.75716019,28.48546028,29.53126907,27.25345993,28.12023926,28.37907028,27.9406395,28.2132206,29.39967918,
A,Annual,FJI,Fiji,WB_EDSTATS_UIS_FOSGP_5T8_F500600700,"Percentage of graduates from Science, Technology, Engineering and Mathematics programmes in tertiary education, (%)",SHARE,Share (proportion),WB_EDSTATS,Education Statistics,0,Units,A,Normal value,PU,Public,,,,,,,,,,,,,,,,,,,,,,17.14975929,,,,
A,Annual,FRA,France,WB_EDSTATS_UIS_FOSGP_5T8_F500600700,"Percentage of graduates from Science, Technology, Engineering and Mathematics programmes in tertiary education, (%)",SHARE,Share (proportion),WB_EDSTATS,Education Statistics,0,Units,A,Normal value,PU,Public,,,30.55257034,,30.36725044,29.88172913,27.67510986,,27.69936943,27.23559952,27.17922974,27.02154922,,,26.10246086,23.36857033,23.73192024,25.2671299,25.56111908,,25.39432907,25.76939011,25.88977051,25.55400085,,
A,Annual,GBR,United Kingdom,WB_EDSTATS_UIS_FOSGP_5T8_F500600700,"Percentage of graduates from Science, Technology, Engineering and Mathematics programmes in tertiary education, (%)",SHARE,Share (proportion),WB_EDSTATS,Education Statistics,0,Units,A,Normal value,PU,Public,,,24.92054939,27.50637054,26.96746063,25.90254021,22.77503967,22.2018795,21.77256966,21.69634056,21.40638924,21.81572914,22.45952034,22.43763924,21.93527031,25.18131065,25.59524918,26.14690018,26.31962013,,,26.24662018,22.75428963,22.26078987,,
A,Annual,GEO,Georgia,WB_EDSTATS_UIS_FOSGP_5T8_F500600700,"Percentage of graduates from Science, Technology, Engineering and Mathematics programmes in tertiary education, (%)",SHARE,Share (proportion),WB_EDSTATS,Education Statistics,0,Units,A,Normal value,PU,Public,,23.53862,22.98324966,22.27462959,22.64092064,23.54060936,24.17797089,,21.59538078,16.22472,,,17.44868088,,21.12700081,,,,21.70314026,21.87618065,21.23757935,24.55977058,18.63929939,19.57872009,19.64207077,
A,Annual,GHA,Ghana,WB_EDSTATS_UIS_FOSGP_5T8_F500600700,"Percentage of graduates from Science, Technology, Engineering and Mathematics programmes in tertiary education, (%)",SHARE,Share (proportion),WB_EDSTATS,Education Statistics,0,Units,A,Normal value,PU,Public,,,,,,,,,,,,,,,,,,14.2355299,12.23637009,13.38852024,16.36783981,16.41172028,15.21646976,16.72151947,14.27632999,
A,Annual,GIB,Gibraltar,WB_EDSTATS_UIS_FOSGP_5T8_F500600700,"Percentage of graduates from Science, Technology, Engineering and Mathematics programmes in tertiary education, (%)",SHARE,Share (proportion),WB_EDSTATS,Education Statistics,0,Units,A,Normal value,PU,Public,,0.0,0.0,0.0,0.0,0.0,0.0,0.0,0.0,,0.0,0.0,0.0,,,,,,,,,,0.0,,,
A,Annual,GMB,"Gambia, The",WB_EDSTATS_UIS_FOSGP_5T8_F500600700,"Percentage of graduates from Science, Technology, Engineering and Mathematics programmes in tertiary education, (%)",SHARE,Share (proportion),WB_EDSTATS,Education Statistics,0,Units,A,Normal value,PU,Public,,,,,,,20.0,,,,,,,54.13647842,,,,,,,,,,,,
A,Annual,GRC,Greece,WB_EDSTATS_UIS_FOSGP_5T8_F500600700,"Percentage of graduates from Science, Technology, Engineering and Mathematics programmes in tertiary education, (%)",SHARE,Share (proportion),WB_EDSTATS,Education Statistics,0,Units,A,Normal value,PU,Public,,,,,,,28.27672005,27.99806023,,22.10334969,24.89246941,,27.9407692,28.5596199,29.35794067,31.13862991,29.91679955,,28.16142082,29.40377045,28.2668705,27.33826065,27.42243958,27.49859047,,
A,Annual,GRD,Grenada,WB_EDSTATS_UIS_FOSGP_5T8_F500600700,"Percentage of graduates from Science, Technology, Engineering and Mathematics programmes in tertiary education, (%)",SHARE,Share (proportion),WB_EDSTATS,Education Statistics,0,Units,A,Normal value,PU,Public,,,,,,,,,,,,,,,,,,13.24158001,,12.98425007,15.67901039,,,,,
A,Annual,GTM,Guatemala,WB_EDSTATS_UIS_FOSGP_5T8_F500600700,"Percentage of graduates from Science, Technology, Engineering and Mathematics programmes in tertiary education, (%)",SHARE,Share (proportion),WB_EDSTATS,Education Statistics,0,Units,A,Normal value,PU,Public,,,,,12.65295982,,,,,16.76272011,,,,,,,11.0450201,9.76543999,,,,,,,,
A,Annual,GUY,Guyana,WB_EDSTATS_UIS_FOSGP_5T8_F500600700,"Percentage of graduates from Science, Technology, Engineering and Mathematics programmes in tertiary education, (%)",SHARE,Share (proportion),WB_EDSTATS,Education Statistics,0,Units,A,Normal value,PU,Public,,,,,,,21.19322968,15.19999981,15.20508957,14.07497978,13.00115013,17.13114929,14.62522984,14.1093502,14.20022011,,,,,,,,,,,
A,Annual,HKG,"Hong Kong SAR, China",WB_EDSTATS_UIS_FOSGP_5T8_F500600700,"Percentage of graduates from Science, Technology, Engineering and Mathematics programmes in tertiary education, (%)",SHARE,Share (proportion),WB_EDSTATS,Education Statistics,0,Units,A,Normal value,PU,Public,,,,,,37.95341873,35.05789185,35.89632034,34.83203888,,,,,,,,,,,,,,,,,
A,Annual,HND,Honduras,WB_EDSTATS_UIS_FOSGP_5T8_F500600700,"Percentage of graduates from Science, Technology, Engineering and Mathematics programmes in tertiary education, (%)",SHARE,Share (proportion),WB_EDSTATS,Education Statistics,0,Units,A,Normal value,PU,Public,,,,,,13.23134995,,,,,,,12.19828987,,14.22548008,,,14.71533012,15.45855045,15.02381039,15.20226002,15.73268986,,,,
A,Annual,HRV,Croatia,WB_EDSTATS_UIS_FOSGP_5T8_F500600700,"Percentage of graduates from Science, Technology, Engineering and Mathematics programmes in tertiary education, (%)",SHARE,Share (proportion),WB_EDSTATS,Education Statistics,0,Units,A,Normal value,PU,Public,,26.00893974,27.28223991,25.09502983,22.83427048,21.48630905,,18.11949921,18.04998016,20.69462013,22.9564209,24.55116081,20.39775085,,24.20141029,,23.70776939,23.86288071,25.29388046,27.01461983,26.33353996,27.26621056,28.49309921,,,
A,Annual,HUN,Hungary,WB_EDSTATS_UIS_FOSGP_5T8_F500600700,"Percentage of graduates from Science, Technology, Engineering and Mathematics programmes in tertiary education, (%)",SHARE,Share (proportion),WB_EDSTATS,Education Statistics,0,Units,A,Normal value,PU,Public,,18.13026047,13.21910954,11.20728016,13.88852978,12.76661968,11.35138988,11.73054981,13.62917995,,14.81011963,16.88592911,18.07066917,18.37491989,18.63104057,18.87733078,20.78244972,22.06760979,22.81163025,23.26292992,22.51725006,23.3468895,15.49907017,21.57106972,,
A,Annual,IDN,Indonesia,WB_EDSTATS_UIS_FOSGP_5T8_F500600700,"Percentage of graduates from Science, Technology, Engineering and Mathematics programmes in tertiary education, (%)",SHARE,Share (proportion),WB_EDSTATS,Education Statistics,0,Units,A,Normal value,PU,Public,,,,,,,,,,,,,,,,,,17.30060959,18.62334061,18.55179024,19.41869926,,,,,
A,Annual,IND,India,WB_EDSTATS_UIS_FOSGP_5T8_F500600700,"Percentage of graduates from Science, Technology, Engineering and Mathematics programmes in tertiary education, (%)",SHARE,Share (proportion),WB_EDSTATS,Education Statistics,0,Units,A,Normal value,PU,Public,,,,,,,,,,,,,,,,29.11146927,30.52555084,31.08045006,31.72857094,32.63761139,32.64561081,32.16664886,33.71128845,30.68635941,29.32785034,
A,Annual,IRL,Ireland,WB_EDSTATS_UIS_FOSGP_5T8_F500600700,"Percentage of graduates from Science, Technology, Engineering and Mathematics programmes in tertiary education, (%)",SHARE,Share (proportion),WB_EDSTATS,Education Statistics,0,Units,A,Normal value,PU,Public,32.89947891,32.49085999,34.49974823,30.8001194,29.14852905,29.41383934,27.68567085,,,,,21.18730927,23.11527061,,25.08246994,21.02223969,21.59956932,24.86664963,25.23179054,,24.09837914,25.31438065,26.40819931,24.90840912,,
A,Annual,IRN,"Iran, Islamic Rep.",WB_EDSTATS_UIS_FOSGP_5T8_F500600700,"Percentage of graduates from Science, Technology, Engineering and Mathematics programmes in tertiary education, (%)",SHARE,Share (proportion),WB_EDSTATS,Education Statistics,0,Units,A,Normal value,PU,Public,,,,,,,37.65653992,41.19636917,35.47451019,41.19636917,,39.86896133,,47.09177017,47.67718887,,,47.18255997,43.85731125,42.12955856,40.19528961,39.13647079,38.97826004,36.83763885,35.01845169,
A,Annual,IRQ,Iraq,WB_EDSTATS_UIS_FOSGP_5T8_F500600700,"Percentage of graduates from Science, Technology, Engineering and Mathematics programmes in tertiary education, (%)",SHARE,Share (proportion),WB_EDSTATS,Education Statistics,0,Units,A,Normal value,PU,Public,,,,,,,31.5222702,,,,,,,,,,,,,,,,,,,
A,Annual,ISL,Iceland,WB_EDSTATS_UIS_FOSGP_5T8_F500600700,"Percentage of graduates from Science, Technology, Engineering and Mathematics programmes in tertiary education, (%)",SHARE,Share (proportion),WB_EDSTATS,Education Statistics,0,Units,A,Normal value,PU,Public,,15.76686954,19.73019028,19.0222702,18.17767906,16.41493988,16.2342205,14.82369041,14.50852966,12.87963963,13.66014957,14.67014027,15.70489025,,,,,,,,18.59193039,20.20570946,18.16979027,17.03915977,,
A,Annual,ISR,Israel,WB_EDSTATS_UIS_FOSGP_5T8_F500600700,"Percentage of graduates from Science, Technology, Engineering and Mathematics programmes in tertiary education, (%)",SHARE,Share (proportion),WB_EDSTATS,Education Statistics,0,Units,A,Normal value,PU,Public,,45.6395607,,,,,,,,,,,,,,,,,,,,,26.92144012,27.17898941,,
A,Annual,ITA,Italy,WB_EDSTATS_UIS_FOSGP_5T8_F500600700,"Percentage of graduates from Science, Technology, Engineering and Mathematics programmes in tertiary education, (%)",SHARE,Share (proportion),WB_EDSTATS,Education Statistics,0,Units,A,Normal value,PU,Public,24.45953941,24.12339973,23.28071976,25.74423981,23.91379929,23.48022079,22.10994911,22.22628975,21.70059013,21.19487953,19.80365944,,,22.23913956,20.79649925,24.13216972,23.84860992,23.34580994,23.27630043,,24.19915962,24.47730064,22.67808914,23.89254951,,
A,Annual,JOR,Jordan,WB_EDSTATS_UIS_FOSGP_5T8_F500600700,"Percentage of graduates from Science, Technology, Engineering and Mathematics programmes in tertiary education, (%)",SHARE,Share (proportion),WB_EDSTATS,Education Statistics,0,Units,A,Normal value,PU,Public,,,,,,,25.48843002,28.19548988,,25.11194992,,,,,,,,26.36433983,,,,,28.42324066,26.85173035,27.1563797,
A,Annual,KAZ,Kazakhstan,WB_EDSTATS_UIS_FOSGP_5T8_F500600700,"Percentage of graduates from Science, Technology, Engineering and Mathematics programmes in tertiary education, (%)",SHARE,Share (proportion),WB_EDSTATS,Education Statistics,0,Units,A,Normal value,PU,Public,,,,,,,,,,,,,,,,,,,26.41197968,23.17790031,24.84141922,24.7293396,24.0615406,,,
A,Annual,KEN,Kenya,WB_EDSTATS_UIS_FOSGP_5T8_F500600700,"Percentage of graduates from Science, Technology, Engineering and Mathematics programmes in tertiary education, (%)",SHARE,Share (proportion),WB_EDSTATS,Education Statistics,0,Units,A,Normal value,PU,Public,,,30.52544022,30.34778976,,,,,,,,,,,,,,,,,,,,,,
A,Annual,KGZ,Kyrgyz Republic,WB_EDSTATS_UIS_FOSGP_5T8_F500600700,"Percentage of graduates from Science, Technology, Engineering and Mathematics programmes in tertiary education, (%)",SHARE,Share (proportion),WB_EDSTATS,Education Statistics,0,Units,A,Normal value,PU,Public,,22.65316963,,20.63196945,16.19832039,18.67472076,14.61674976,15.46308041,15.73810005,16.67571068,15.56861019,17.05521011,16.71266937,16.96389008,16.67033958,,,15.03565979,19.21334076,20.45438004,20.7949295,19.71236992,19.17188072,18.32813072,18.94355011,
A,Annual,KHM,Cambodia,WB_EDSTATS_UIS_FOSGP_5T8_F500600700,"Percentage of graduates from Science, Technology, Engineering and Mathematics programmes in tertiary education, (%)",SHARE,Share (proportion),WB_EDSTATS,Education Statistics,0,Units,A,Normal value,PU,Public,,,10.44019985,10.63683033,14.75039959,,15.43375969,,,14.14097977,12.5448904,,,,,,,,,,,23.20454979,,,,
A,Annual,KIR,Kiribati,WB_EDSTATS_UIS_FOSGP_5T8_F500600700,"Percentage of graduates from Science, Technology, Engineering and Mathematics programmes in tertiary education, (%)",SHARE,Share (proportion),WB_EDSTATS,Education Statistics,0,Units,A,Normal value,PU,Public,,,,,,,,,,,0.0,,,,0.0,,,,,,,,,,,
A,Annual,KOR,"Korea, Rep.",WB_EDSTATS_UIS_FOSGP_5T8_F500600700,"Percentage of graduates from Science, Technology, Engineering and Mathematics programmes in tertiary education, (%)",SHARE,Share (proportion),WB_EDSTATS,Education Statistics,0,Units,A,Normal value,PU,Public,42.27920914,41.83769989,40.4214592,41.41957855,41.08398056,40.77452087,38.66941833,37.43811035,35.86753845,34.28087997,32.80392838,31.24279976,,32.3071785,,,,29.54906082,29.90567017,29.34420013,,29.60523987,30.18260956,30.39129066,30.41798019,
A,Annual,LAO,Lao PDR,WB_EDSTATS_UIS_FOSGP_5T8_F500600700,"Percentage of graduates from Science, Technology, Engineering and Mathematics programmes in tertiary education, (%)",SHARE,Share (proportion),WB_EDSTATS,Education Statistics,0,Units,A,Normal value,PU,Public,,16.28977966,,14.46648026,,,7.3468399,15.65133953,,,,11.91804981,,13.48023033,12.00152016,,,11.84920979,12.42257977,16.85877037,22.46050072,23.14343071,,,,
A,Annual,LBN,Lebanon,WB_EDSTATS_UIS_FOSGP_5T8_F500600700,"Percentage of graduates from Science, Technology, Engineering and Mathematics programmes in tertiary education, (%)",SHARE,Share (proportion),WB_EDSTATS,Education Statistics,0,Units,A,Normal value,PU,Public,,,20.82957077,23.25453949,22.69396973,,21.9796505,20.83658028,20.13985062,23.14723015,22.03610039,25.13249016,24.99132919,23.41871071,,,,,,,,,,28.14916039,28.43520927,
A,Annual,LBR,Liberia,WB_EDSTATS_UIS_FOSGP_5T8_F500600700,"Percentage of graduates from Science, Technology, Engineering and Mathematics programmes in tertiary education, (%)",SHARE,Share (proportion),WB_EDSTATS,Education Statistics,0,Units,A,Normal value,PU,Public,,,32.31446838,,,,,,,,,,,,,,,,,,,,,,,
A,Annual,LIE,Liechtenstein,WB_EDSTATS_UIS_FOSGP_5T8_F500600700,"Percentage of graduates from Science, Technology, Engineering and Mathematics programmes in tertiary education, (%)",SHARE,Share (proportion),WB_EDSTATS,Education Statistics,0,Units,A,Normal value,PU,Public,,,,,,40.98360825,5.47945023,,34.84848022,31.50684929,21.98582077,14.62263966,18.5,21.25984001,24.89451027,,,,,,19.63190079,18.0616703,28.97196007,,,
A,Annual,LKA,Sri Lanka,WB_EDSTATS_UIS_FOSGP_5T8_F500600700,"Percentage of graduates from Science, Technology, Engineering and Mathematics programmes in tertiary education, (%)",SHARE,Share (proportion),WB_EDSTATS,Education Statistics,0,Units,A,Normal value,PU,Public,,,,,,,,,,,,,,,,,,19.48982048,22.87236977,25.8581295,24.27779007,25.39258003,21.04339981,24.46676064,24.68087959,
A,Annual,LSO,Lesotho,WB_EDSTATS_UIS_FOSGP_5T8_F500600700,"Percentage of graduates from Science, Technology, Engineering and Mathematics programmes in tertiary education, (%)",SHARE,Share (proportion),WB_EDSTATS,Education Statistics,0,Units,A,Normal value,PU,Public,,,7.29927015,5.47945023,4.8984499,,,,,,,,,,12.55224037,,,11.67230034,,,15.35962009,,,,,
A,Annual,LTU,Lithuania,WB_EDSTATS_UIS_FOSGP_5T8_F500600700,"Percentage of graduates from Science, Technology, Engineering and Mathematics programmes in tertiary education, (%)",SHARE,Share (proportion),WB_EDSTATS,Education Statistics,0,Units,A,Normal value,PU,Public,,27.42038918,26.75408936,26.49338913,23.97068977,23.23097038,22.75363922,22.88139915,23.06023979,21.79454041,22.35409927,22.34538078,22.23085976,22.55463982,23.38657951,23.47382927,23.71566963,23.10199928,23.81497955,25.66826057,26.82267952,27.26618958,26.02807045,25.7663002,,
A,Annual,LUX,Luxembourg,WB_EDSTATS_UIS_FOSGP_5T8_F500600700,"Percentage of graduates from Science, Technology, Engineering and Mathematics programmes in tertiary education, (%)",SHARE,Share (proportion),WB_EDSTATS,Education Statistics,0,Units,A,Normal value,PU,Public,,,,,,,,,,,23.4899292,,,,14.7401104,16.25238991,13.91446018,13.82668018,17.89536095,,18.82486916,18.95652008,19.2430706,19.78333092,22.88096046,
A,Annual,LVA,Latvia,WB_EDSTATS_UIS_FOSGP_5T8_F500600700,"Percentage of graduates from Science, Technology, Engineering and Mathematics programmes in tertiary education, (%)",SHARE,Share (proportion),WB_EDSTATS,Education Statistics,0,Units,A,Normal value,PU,Public,,17.13692093,16.23852921,12.31534004,14.32044983,13.93826008,13.81015968,13.50481987,12.54638004,12.94108963,13.83119965,14.29615021,15.4115696,16.86717987,20.03539085,19.05137062,21.31450081,20.45708084,20.51785088,20.87475014,20.17184067,19.92860985,19.33218956,19.3649292,,
A,Annual,MAC,"Macao SAR, China",WB_EDSTATS_UIS_FOSGP_5T8_F500600700,"Percentage of graduates from Science, Technology, Engineering and Mathematics programmes in tertiary education, (%)",SHARE,Share (proportion),WB_EDSTATS,Education Statistics,0,Units,A,Normal value,PU,Public,,,,3.20233011,3.81498003,2.59292006,,5.13687992,4.95510006,3.87040997,3.91983008,4.06993008,4.51916981,7.3122201,5.42418003,,,7.10219002,6.03400993,7.56614017,7.66005993,7.56750011,7.67910004,8.93332005,9.01832008,
A,Annual,MAR,Morocco,WB_EDSTATS_UIS_FOSGP_5T8_F500600700,"Percentage of graduates from Science, Technology, Engineering and Mathematics programmes in tertiary education, (%)",SHARE,Share (proportion),WB_EDSTATS,Education Statistics,0,Units,A,Normal value,PU,Public,,,,18.40242958,,,,,,23.87647057,33.65377045,35.94377136,35.25823975,,,,,17.1202507,18.44540977,19.04936981,,18.95166969,20.38677025,28.89999008,27.22543907,
A,Annual,MCO,Monaco,WB_EDSTATS_UIS_FOSGP_5T8_F500600700,"Percentage of graduates from Science, Technology, Engineering and Mathematics programmes in tertiary education, (%)",SHARE,Share (proportion),WB_EDSTATS,Education Statistics,0,Units,A,Normal value,PU,Public,,,,,,,,,,,,,,,,,,,0.0,0.0,0.0,0.0,0.0,0.0,0.0,0.0
A,Annual,MDA,Moldova,WB_EDSTATS_UIS_FOSGP_5T8_F500600700,"Percentage of graduates from Science, Technology, Engineering and Mathematics programmes in tertiary education, (%)",SHARE,Share (proportion),WB_EDSTATS,Education Statistics,0,Units,A,Normal value,PU,Public,,,,,,,,,,,,,,,,,24.95824051,22.3083992,,,23.47611046,24.76057053,25.42421913,25.00671959,23.30611038,
A,Annual,MDG,Madagascar,WB_EDSTATS_UIS_FOSGP_5T8_F500600700,"Percentage of graduates from Science, Technology, Engineering and Mathematics programmes in tertiary education, (%)",SHARE,Share (proportion),WB_EDSTATS,Education Statistics,0,Units,A,Normal value,PU,Public,,,,,,,,20.08791924,16.3022995,21.33423996,20.0182991,21.59555054,18.92373085,,,,22.53833008,25.53223991,23.24110985,22.96212006,23.84168053,29.09472084,24.30069923,,23.51699066,
A,Annual,MDV,Maldives,WB_EDSTATS_UIS_FOSGP_5T8_F500600700,"Percentage of graduates from Science, Technology, Engineering and Mathematics programmes in tertiary education, (%)",SHARE,Share (proportion),WB_EDSTATS,Education Statistics,0,Units,A,Normal value,PU,Public,0.0,0.0,0.0,0.0,0.0,0.0,,,,,,,,,,,,,,5.11158991,,3.59398007,,,,
A,Annual,MEX,Mexico,WB_EDSTATS_UIS_FOSGP_5T8_F500600700,"Percentage of graduates from Science, Technology, Engineering and Mathematics programmes in tertiary education, (%)",SHARE,Share (proportion),WB_EDSTATS,Education Statistics,0,Units,A,Normal value,PU,Public,,23.1638298,24.36202049,25.09962082,25.39451981,28.92856026,,27.66677094,27.32850075,26.67837906,26.60037994,25.92021942,25.48405075,26.80295944,,27.48951912,28.09653091,27.89731026,25.48286057,25.23913956,,25.83444977,25.82295036,24.34013939,,
A,Annual,MHL,Marshall Islands,WB_EDSTATS_UIS_FOSGP_5T8_F500600700,"Percentage of graduates from Science, Technology, Engineering and Mathematics programmes in tertiary education, (%)",SHARE,Share (proportion),WB_EDSTATS,Education Statistics,0,Units,A,Normal value,PU,Public,,,,,,,,,,,,,,,,,,,,,,0.0,,,1.28754997,
A,Annual,MKD,North Macedonia,WB_EDSTATS_UIS_FOSGP_5T8_F500600700,"Percentage of graduates from Science, Technology, Engineering and Mathematics programmes in tertiary education, (%)",SHARE,Share (proportion),WB_EDSTATS,Education Statistics,0,Units,A,Normal value,PU,Public,,36.74448013,30.91613007,27.75378036,26.87915039,23.7842598,23.32755089,23.24600029,21.68897057,17.51347923,17.84407043,21.78915977,19.62565041,21.32294083,19.47129059,22.21244049,21.79727936,19.95693016,,21.88985062,23.57011986,,20.6131897,20.61429977,,
A,Annual,MLT,Malta,WB_EDSTATS_UIS_FOSGP_5T8_F500600700,"Percentage of graduates from Science, Technology, Engineering and Mathematics programmes in tertiary education, (%)",SHARE,Share (proportion),WB_EDSTATS,Education Statistics,0,Units,A,Normal value,PU,Public,,,11.98180008,9.63554955,8.61884022,9.13086033,10.30303001,7.55199003,11.09864998,,12.85816956,15.04922962,16.66119957,21.92749977,,25.29582024,24.89805984,24.79129982,18.02873993,20.30567932,,17.13293076,17.23019981,15.15178967,,
A,Annual,MMR,Myanmar,WB_EDSTATS_UIS_FOSGP_5T8_F500600700,"Percentage of graduates from Science, Technology, Engineering and Mathematics programmes in tertiary education, (%)",SHARE,Share (proportion),WB_EDSTATS,Education Statistics,0,Units,A,Normal value,PU,Public,,,,,,,,,,,,,,,,,,,,,33.6678009,,,,,
A,Annual,MNE,Montenegro,WB_EDSTATS_UIS_FOSGP_5T8_F500600700,"Percentage of graduates from Science, Technology, Engineering and Mathematics programmes in tertiary education, (%)",SHARE,Share (proportion),WB_EDSTATS,Education Statistics,0,Units,A,Normal value,PU,Public,,,,,,,,,,,,,,,,,,,,,,20.45363998,,,,
A,Annual,MNG,Mongolia,WB_EDSTATS_UIS_FOSGP_5T8_F500600700,"Percentage of graduates from Science, Technology, Engineering and Mathematics programmes in tertiary education, (%)",SHARE,Share (proportion),WB_EDSTATS,Education Statistics,0,Units,A,Normal value,PU,Public,,21.33266068,22.89751053,20.24481964,19.13870049,19.61834908,18.21972084,18.84181023,19.54038048,18.27820015,17.37896919,18.61120033,18.55835915,18.88023949,,,,,20.2652607,21.55069923,25.33602905,23.14871025,,,18.65151978,17.84054947
A,Annual,MOZ,Mozambique,WB_EDSTATS_UIS_FOSGP_5T8_F500600700,"Percentage of graduates from Science, Technology, Engineering and Mathematics programmes in tertiary education, (%)",SHARE,Share (proportion),WB_EDSTATS,Education Statistics,0,Units,A,Normal value,PU,Public,,,,,,,15.32314014,12.14385033,7.59824991,,10.75177002,10.73764992,,,4.19028997,,,10.08819962,11.8778801,9.03265953,9.56000996,,,,,
A,Annual,MRT,Mauritania,WB_EDSTATS_UIS_FOSGP_5T8_F500600700,"Percentage of graduates from Science, Technology, Engineering and Mathematics programmes in tertiary education, (%)",SHARE,Share (proportion),WB_EDSTATS,Education Statistics,0,Units,A,Normal value,PU,Public,,,,,,,,,,,,,,,,,,,20.23064041,,,,34.55073929,,,
A,Annual,MUS,Mauritius,WB_EDSTATS_UIS_FOSGP_5T8_F500600700,"Percentage of graduates from Science, Technology, Engineering and Mathematics programmes in tertiary education, (%)",SHARE,Share (proportion),WB_EDSTATS,Education Statistics,0,Units,A,Normal value,PU,Public,,,,,,,,,,,,,,,,,,,,23.31118011,,,21.60910988,24.75312042,,
A,Annual,MYS,Malaysia,WB_EDSTATS_UIS_FOSGP_5T8_F500600700,"Percentage of graduates from Science, Technology, Engineering and Mathematics programmes in tertiary education, (%)",SHARE,Share (proportion),WB_EDSTATS,Education Statistics,0,Units,A,Normal value,PU,Public,,,,,,,45.02602005,,42.68078995,45.46371841,40.24145126,37.72045135,36.85589981,37.82852173,31.63178062,,,,,,40.77330017,39.17364883,,,40.23244858,
A,Annual,NAM,Namibia,WB_EDSTATS_UIS_FOSGP_5T8_F500600700,"Percentage of graduates from Science, Technology, Engineering and Mathematics programmes in tertiary education, (%)",SHARE,Share (proportion),WB_EDSTATS,Education Statistics,0,Units,A,Normal value,PU,Public,,,,1.97044003,,6.76425982,,3.75908995,,,,,,,,,17.89211082,16.17620087,12.97531986,12.11935043,12.8810997,12.78625965,8.92131996,,,
A,Annual,NER,Niger,WB_EDSTATS_UIS_FOSGP_5T8_F500600700,"Percentage of graduates from Science, Technology, Engineering and Mathematics programmes in tertiary education, (%)",SHARE,Share (proportion),WB_EDSTATS,Education Statistics,0,Units,A,Normal value,PU,Public,,,,24.84774971,,,,,,,,,,,,,,13.71660995,15.42273045,13.21821976,10.42152977,12.34282017,,,,
A,Annual,NLD,Netherlands,WB_EDSTATS_UIS_FOSGP_5T8_F500600700,"Percentage of graduates from Science, Technology, Engineering and Mathematics programmes in tertiary education, (%)",SHARE,Share (proportion),WB_EDSTATS,Education Statistics,0,Units,A,Normal value,PU,Public,,17.12583923,16.31534958,16.10479927,16.44759941,,16.66115952,,,,,,14.08996964,,,13.84360027,14.14241982,,,16.61628914,17.45105934,18.5775795,18.83322906,19.33783913,,
A,Annual,NOR,Norway,WB_EDSTATS_UIS_FOSGP_5T8_F500600700,"Percentage of graduates from Science, Technology, Engineering and Mathematics programmes in tertiary education, (%)",SHARE,Share (proportion),WB_EDSTATS,Education Statistics,0,Units,A,Normal value,PU,Public,,16.06138039,16.70619965,16.58357048,15.74936008,,16.48088074,16.3477993,,15.6570797,15.7390604,15.79959965,16.57794952,,16.3230896,19.73374939,20.16673088,21.0051403,20.49173927,22.10416985,21.81357002,20.94598007,21.22537041,22.96891022,,
A,Annual,NRU,Nauru,WB_EDSTATS_UIS_FOSGP_5T8_F500600700,"Percentage of graduates from Science, Technology, Engineering and Mathematics programmes in tertiary education, (%)",SHARE,Share (proportion),WB_EDSTATS,Education Statistics,0,Units,A,Normal value,PU,Public,0.0,0.0,0.0,0.0,0.0,0.0,0.0,,,0.0,0.0,,,,,,,,,,,,,,,
A,Annual,NZL,New Zealand,WB_EDSTATS_UIS_FOSGP_5T8_F500600700,"Percentage of graduates from Science, Technology, Engineering and Mathematics programmes in tertiary education, (%)",SHARE,Share (proportion),WB_EDSTATS,Education Statistics,0,Units,A,Normal value,PU,Public,,,,,,,,18.30369949,,,,,,,,19.20399094,19.58666992,20.34435081,19.88538933,21.17613029,21.37660027,22.99415016,23.63030052,22.74142075,,
A,Annual,OMN,Oman,WB_EDSTATS_UIS_FOSGP_5T8_F500600700,"Percentage of graduates from Science, Technology, Engineering and Mathematics programmes in tertiary education, (%)",SHARE,Share (proportion),WB_EDSTATS,Education Statistics,0,Units,A,Normal value,PU,Public,,,,,,,,,,27.6700592,,33.72616959,38.9398613,,,,,42.53694916,44.8085289,46.27011871,46.14519882,44.49869156,39.03520966,39.47357941,,
A,Annual,PAN,Panama,WB_EDSTATS_UIS_FOSGP_5T8_F500600700,"Percentage of graduates from Science, Technology, Engineering and Mathematics programmes in tertiary education, (%)",SHARE,Share (proportion),WB_EDSTATS,Education Statistics,0,Units,A,Normal value,PU,Public,,,,,18.37002945,19.66502953,14.35004044,19.25296021,20.44819069,20.7016201,19.52424049,19.33567047,19.78828049,22.3039093,,,16.52119064,17.24098015,15.42652988,,,16.46421051,13.73682022,15.23093033,,
A,Annual,PER,Peru,WB_EDSTATS_UIS_FOSGP_5T8_F500600700,"Percentage of graduates from Science, Technology, Engineering and Mathematics programmes in tertiary education, (%)",SHARE,Share (proportion),WB_EDSTATS,Education Statistics,0,Units,A,Normal value,PU,Public,,,,,,,,,,,,,,,,,,,23.46783066,29.64282036,,,,,,
A,Annual,PHL,Philippines,WB_EDSTATS_UIS_FOSGP_5T8_F500600700,"Percentage of graduates from Science, Technology, Engineering and Mathematics programmes in tertiary education, (%)",SHARE,Share (proportion),WB_EDSTATS,Education Statistics,0,Units,A,Normal value,PU,Public,,,,,,,,,,,,,,,,,,24.95232964,24.63928032,28.73974991,23.86244011,23.81640053,22.82974052,26.26622009,,
A,Annual,POL,Poland,WB_EDSTATS_UIS_FOSGP_5T8_F500600700,"Percentage of graduates from Science, Technology, Engineering and Mathematics programmes in tertiary education, (%)",SHARE,Share (proportion),WB_EDSTATS,Education Statistics,0,Units,A,Normal value,PU,Public,,,,,,,,,,,,,,17.73811913,18.07946014,18.76651001,20.40899086,22.26564026,22.85763931,22.94082069,21.65398979,20.80979919,19.44943047,19.64237022,,
A,Annual,PRI,Puerto Rico,WB_EDSTATS_UIS_FOSGP_5T8_F500600700,"Percentage of graduates from Science, Technology, Engineering and Mathematics programmes in tertiary education, (%)",SHARE,Share (proportion),WB_EDSTATS,Education Statistics,0,Units,A,Normal value,PU,Public,,,,,,,,,,,20.11879921,17.18318939,,17.23527908,15.93222046,,16.8489399,17.44162941,17.72661972,,18.14633942,,,,,
A,Annual,PRK,"Korea, Dem. People's Rep.",WB_EDSTATS_UIS_FOSGP_5T8_F500600700,"Percentage of graduates from Science, Technology, Engineering and Mathematics programmes in tertiary education, (%)",SHARE,Share (proportion),WB_EDSTATS,Education Statistics,0,Units,A,Normal value,PU,Public,,,,,,,,,,,,,,,,,,41.80295944,,,,,,,,
A,Annual,PRT,Portugal,WB_EDSTATS_UIS_FOSGP_5T8_F500600700,"Percentage of graduates from Science, Technology, Engineering and Mathematics programmes in tertiary education, (%)",SHARE,Share (proportion),WB_EDSTATS,Education Statistics,0,Units,A,Normal value,PU,Public,,,18.52333069,,19.43117905,20.38651085,23.6758194,24.96655083,24.40122986,29.29002953,31.75182915,30.08107948,26.26416969,26.11300087,26.43956947,27.48057938,27.81826973,27.9050808,29.02334023,29.09365082,,27.98564911,27.82432938,27.7199707,,
A,Annual,PSE,West Bank and Gaza,WB_EDSTATS_UIS_FOSGP_5T8_F500600700,"Percentage of graduates from Science, Technology, Engineering and Mathematics programmes in tertiary education, (%)",SHARE,Share (proportion),WB_EDSTATS,Education Statistics,0,Units,A,Normal value,PU,Public,,18.39093971,20.13780022,20.74641991,,23.18412018,20.96760941,,,16.76811028,16.98516083,17.3165493,16.50665092,16.35858917,15.91705036,,,16.67674065,16.55026054,15.8297596,15.42121983,14.67391968,14.77087021,15.29878044,17.02939034,
A,Annual,QAT,Qatar,WB_EDSTATS_UIS_FOSGP_5T8_F500600700,"Percentage of graduates from Science, Technology, Engineering and Mathematics programmes in tertiary education, (%)",SHARE,Share (proportion),WB_EDSTATS,Education Statistics,0,Units,A,Normal value,PU,Public,,,21.02564049,20.30303001,16.95191956,16.45022011,,,,,23.14142036,20.62615013,24.00246048,29.80952072,33.5703392,,,,29.70369911,22.93062973,22.54966927,24.23354912,21.0892601,18.93074036,17.83312035,
A,Annual,ROU,Romania,WB_EDSTATS_UIS_FOSGP_5T8_F500600700,"Percentage of graduates from Science, Technology, Engineering and Mathematics programmes in tertiary education, (%)",SHARE,Share (proportion),WB_EDSTATS,Education Statistics,0,Units,A,Normal value,PU,Public,,24.49624062,25.13100052,24.0915699,,,22.96150017,22.52737999,20.33909035,19.68456078,17.10860062,23.30726051,17.86644936,21.05117035,,26.78383064,27.99336052,28.34848976,28.77131081,,,30.0074501,29.09165955,29.26696014,,
A,Annual,RUS,Russian Federation,WB_EDSTATS_UIS_FOSGP_5T8_F500600700,"Percentage of graduates from Science, Technology, Engineering and Mathematics programmes in tertiary education, (%)",SHARE,Share (proportion),WB_EDSTATS,Education Statistics,0,Units,A,Normal value,PU,Public,,,,,,,,,,,,28.94747925,,,,27.04776001,,29.01870918,30.89850044,29.96154022,31.05892944,31.36273956,,,,
A,Annual,RWA,Rwanda,WB_EDSTATS_UIS_FOSGP_5T8_F500600700,"Percentage of graduates from Science, Technology, Engineering and Mathematics programmes in tertiary education, (%)",SHARE,Share (proportion),WB_EDSTATS,Education Statistics,0,Units,A,Normal value,PU,Public,,,,,,,,,,,,,,,,,,,,13.75139046,16.27051926,12.95860004,32.10445023,,31.03404045,
A,Annual,SAU,Saudi Arabia,WB_EDSTATS_UIS_FOSGP_5T8_F500600700,"Percentage of graduates from Science, Technology, Engineering and Mathematics programmes in tertiary education, (%)",SHARE,Share (proportion),WB_EDSTATS,Education Statistics,0,Units,A,Normal value,PU,Public,,,,,,,9.39906025,18.30533028,31.65114975,24.55270004,24.90189934,24.68732071,35.79497147,34.37903976,29.25926018,,,23.92367935,23.15074921,21.91363907,21.13604927,22.03462029,23.34181023,22.78041077,28.06866074,
A,Annual,SDN,Sudan,WB_EDSTATS_UIS_FOSGP_5T8_F500600700,"Percentage of graduates from Science, Technology, Engineering and Mathematics programmes in tertiary education, (%)",SHARE,Share (proportion),WB_EDSTATS,Education Statistics,0,Units,A,Normal value,PU,Public,,,,,,,,,,,,,,,16.02062988,,,28.62498093,,,,,,,,
A,Annual,SGP,Singapore,WB_EDSTATS_UIS_FOSGP_5T8_F500600700,"Percentage of graduates from Science, Technology, Engineering and Mathematics programmes in tertiary education, (%)",SHARE,Share (proportion),WB_EDSTATS,Education Statistics,0,Units,A,Normal value,PU,Public,,,,,,,,,,,,,,,,,,,34.5014801,34.92926025,34.72488022,35.39630127,36.27394104,35.94073105,,
A,Annual,SLB,Solomon Islands,WB_EDSTATS_UIS_FOSGP_5T8_F500600700,"Percentage of graduates from Science, Technology, Engineering and Mathematics programmes in tertiary education, (%)",SHARE,Share (proportion),WB_EDSTATS,Education Statistics,0,Units,A,Normal value,PU,Public,,,,,,,,,,,0.0,,,,,,,,,,,,,,,
A,Annual,SLE,Sierra Leone,WB_EDSTATS_UIS_FOSGP_5T8_F500600700,"Percentage of graduates from Science, Technology, Engineering and Mathematics programmes in tertiary education, (%)",SHARE,Share (proportion),WB_EDSTATS,Education Statistics,0,Units,A,Normal value,PU,Public,,,3.12700009,,,,,,,,,,,,,,,,,,,,,,,
A,Annual,SLV,El Salvador,WB_EDSTATS_UIS_FOSGP_5T8_F500600700,"Percentage of graduates from Science, Technology, Engineering and Mathematics programmes in tertiary education, (%)",SHARE,Share (proportion),WB_EDSTATS,Education Statistics,0,Units,A,Normal value,PU,Public,,,,,21.26239014,21.76963043,,21.52269936,21.04647064,22.10519028,27.78937912,27.4059906,26.41464996,23.13645935,21.66527939,,,22.15794945,22.12998009,22.28362083,21.43305016,21.84686089,23.42910957,,,
A,Annual,SRB,Serbia,WB_EDSTATS_UIS_FOSGP_5T8_F500600700,"Percentage of graduates from Science, Technology, Engineering and Mathematics programmes in tertiary education, (%)",SHARE,Share (proportion),WB_EDSTATS,Education Statistics,0,Units,A,Normal value,PU,Public,,,,,,,,,,24.68147087,21.91576958,22.12310028,24.48501968,26.19037056,26.17679977,,,25.87672043,25.90906906,26.63772011,28.12623978,28.35467911,30.46895027,30.10267067,29.82234955,
A,Annual,STP,Sao Tome and Principe,WB_EDSTATS_UIS_FOSGP_5T8_F500600700,"Percentage of graduates from Science, Technology, Engineering and Mathematics programmes in tertiary education, (%)",SHARE,Share (proportion),WB_EDSTATS,Education Statistics,0,Units,A,Normal value,PU,Public,0.0,0.0,0.0,0.0,0.0,0.0,0.0,0.0,0.0,0.0,0.0,,,,,,,,,,,,,,,
A,Annual,SVK,Slovak Republic,WB_EDSTATS_UIS_FOSGP_5T8_F500600700,"Percentage of graduates from Science, Technology, Engineering and Mathematics programmes in tertiary education, (%)",SHARE,Share (proportion),WB_EDSTATS,Education Statistics,0,Units,A,Normal value,PU,Public,,22.28893089,22.25649071,26.62529945,26.13451004,25.0941906,25.04029083,26.81014061,24.57328033,24.34291077,21.30532074,21.17190933,21.21614075,20.7401104,21.08216095,20.99213028,20.8357296,21.14030075,,21.17260933,22.07254982,21.82074928,22.18272972,21.30636978,21.40834045,
A,Annual,SVN,Slovenia,WB_EDSTATS_UIS_FOSGP_5T8_F500600700,"Percentage of graduates from Science, Technology, Engineering and Mathematics programmes in tertiary education, (%)",SHARE,Share (proportion),WB_EDSTATS,Education Statistics,0,Units,A,Normal value,PU,Public,,23.26309967,,20.33192062,20.02380943,18.74237061,,19.14233017,17.16534996,18.11750984,18.98263931,19.25518036,22.08794975,24.29500008,25.46611023,27.10036087,26.7898407,25.6508007,,26.61319923,27.23022079,27.96894073,28.6433506,28.14019012,29.5295105,
A,Annual,SWE,Sweden,WB_EDSTATS_UIS_FOSGP_5T8_F500600700,"Percentage of graduates from Science, Technology, Engineering and Mathematics programmes in tertiary education, (%)",SHARE,Share (proportion),WB_EDSTATS,Education Statistics,0,Units,A,Normal value,PU,Public,,28.53582954,31.07807922,32.6197319,32.33110809,30.94132996,29.10762978,26.06455994,26.02511024,24.15411949,23.86541939,24.41584969,25.62360001,25.98304939,27.33252907,25.90476036,,25.99304962,26.59001923,27.50337029,26.63920021,27.32246971,27.00831985,28.16707039,28.99386978,
A,Annual,SWZ,Eswatini,WB_EDSTATS_UIS_FOSGP_5T8_F500600700,"Percentage of graduates from Science, Technology, Engineering and Mathematics programmes in tertiary education, (%)",SHARE,Share (proportion),WB_EDSTATS,Education Statistics,0,Units,A,Normal value,PU,Public,,4.70700979,6.20621014,4.54545021,4.17826986,,,6.8599,4.0694499,,,,,,,,,0.0,,,,,,,,
A,Annual,SXM,Sint Maarten (Dutch part),WB_EDSTATS_UIS_FOSGP_5T8_F500600700,"Percentage of graduates from Science, Technology, Engineering and Mathematics programmes in tertiary education, (%)",SHARE,Share (proportion),WB_EDSTATS,Education Statistics,0,Units,A,Normal value,PU,Public,,,,,,,,,,,,,,,,,,8.51064014,,2.77778006,,,,,5.55556011,
A,Annual,SYC,Seychelles,WB_EDSTATS_UIS_FOSGP_5T8_F500600700,"Percentage of graduates from Science, Technology, Engineering and Mathematics programmes in tertiary education, (%)",SHARE,Share (proportion),WB_EDSTATS,Education Statistics,0,Units,A,Normal value,PU,Public,0.0,0.0,0.0,0.0,0.0,0.0,0.0,0.0,0.0,0.0,0.0,0.0,0.0,25.0,0.0,,,15.55556011,16.23377037,15.69766998,17.23356056,19.85157967,28.84160995,19.80518913,26.25,
A,Annual,SYR,Syrian Arab Republic,WB_EDSTATS_UIS_FOSGP_5T8_F500600700,"Percentage of graduates from Science, Technology, Engineering and Mathematics programmes in tertiary education, (%)",SHARE,Share (proportion),WB_EDSTATS,Education Statistics,0,Units,A,Normal value,PU,Public,,,,,,,,,,,,,,,,,,,22.96364021,,,,,,32.49552155,
A,Annual,TCA,Turks and Caicos Islands,WB_EDSTATS_UIS_FOSGP_5T8_F500600700,"Percentage of graduates from Science, Technology, Engineering and Mathematics programmes in tertiary education, (%)",SHARE,Share (proportion),WB_EDSTATS,Education Statistics,0,Units,A,Normal value,PU,Public,,,,,,,,,,,,,,,,,,,,,,,,16.12903023,,
A,Annual,TCD,Chad,WB_EDSTATS_UIS_FOSGP_5T8_F500600700,"Percentage of graduates from Science, Technology, Engineering and Mathematics programmes in tertiary education, (%)",SHARE,Share (proportion),WB_EDSTATS,Education Statistics,0,Units,A,Normal value,PU,Public,,,13.70629025,,,,,,,,,,,,,,,,,,,,14.31344986,,,
A,Annual,THA,Thailand,WB_EDSTATS_UIS_FOSGP_5T8_F500600700,"Percentage of graduates from Science, Technology, Engineering and Mathematics programmes in tertiary education, (%)",SHARE,Share (proportion),WB_EDSTATS,Education Statistics,0,Units,A,Normal value,PU,Public,,,,,,,,,,,,,,,,,,26.76972961,27.85502052,,,,,,29.04084969,31.73637962
A,Annual,TJK,Tajikistan,WB_EDSTATS_UIS_FOSGP_5T8_F500600700,"Percentage of graduates from Science, Technology, Engineering and Mathematics programmes in tertiary education, (%)",SHARE,Share (proportion),WB_EDSTATS,Education Statistics,0,Units,A,Normal value,PU,Public,,,,,,,,,,,,,,,,,,,21.45015907,22.03606987,,,,,,
A,Annual,TKM,Turkmenistan,WB_EDSTATS_UIS_FOSGP_5T8_F500600700,"Percentage of graduates from Science, Technology, Engineering and Mathematics programmes in tertiary education, (%)",SHARE,Share (proportion),WB_EDSTATS,Education Statistics,0,Units,A,Normal value,PU,Public,,,,,,,,,,,,,,,,,,,,,,,39.90505981,,39.57355118,
A,Annual,TTO,Trinidad and Tobago,WB_EDSTATS_UIS_FOSGP_5T8_F500600700,"Percentage of graduates from Science, Technology, Engineering and Mathematics programmes in tertiary education, (%)",SHARE,Share (proportion),WB_EDSTATS,Education Statistics,0,Units,A,Normal value,PU,Public,,,,,,,,,,,,,,,,,,,,,,25.42440033,,32.34458923,35.35454178,
A,Annual,TUN,Tunisia,WB_EDSTATS_UIS_FOSGP_5T8_F500600700,"Percentage of graduates from Science, Technology, Engineering and Mathematics programmes in tertiary education, (%)",SHARE,Share (proportion),WB_EDSTATS,Education Statistics,0,Units,A,Normal value,PU,Public,,,,,,,,,,,,,,,43.08377075,,,44.36637115,44.44443893,,43.25471115,,38.29418945,,37.87931061,
A,Annual,TUR,Turkiye,WB_EDSTATS_UIS_FOSGP_5T8_F500600700,"Percentage of graduates from Science, Technology, Engineering and Mathematics programmes in tertiary education, (%)",SHARE,Share (proportion),WB_EDSTATS,Education Statistics,0,Units,A,Normal value,PU,Public,,30.34004974,30.65550995,,,,29.29096031,28.45119095,22.42008972,21.93650055,22.30426025,21.27565002,20.62690926,22.60329056,21.23848915,,20.21064949,,,,19.44189072,18.3644104,15.21298027,15.80482006,,
A,Annual,TUV,Tuvalu,WB_EDSTATS_UIS_FOSGP_5T8_F500600700,"Percentage of graduates from Science, Technology, Engineering and Mathematics programmes in tertiary education, (%)",SHARE,Share (proportion),WB_EDSTATS,Education Statistics,0,Units,A,Normal value,PU,Public,0.0,0.0,0.0,0.0,0.0,0.0,0.0,,,,0.0,,,,,,,,,,,,,,,
A,Annual,TZA,Tanzania,WB_EDSTATS_UIS_FOSGP_5T8_F500600700,"Percentage of graduates from Science, Technology, Engineering and Mathematics programmes in tertiary education, (%)",SHARE,Share (proportion),WB_EDSTATS,Education Statistics,0,Units,A,Normal value,PU,Public,,,,,,,,,,,,,,,,,,,,,,9.50236988,,,,
A,Annual,UGA,Uganda,WB_EDSTATS_UIS_FOSGP_5T8_F500600700,"Percentage of graduates from Science, Technology, Engineering and Mathematics programmes in tertiary education, (%)",SHARE,Share (proportion),WB_EDSTATS,Education Statistics,0,Units,A,Normal value,PU,Public,,17.0376091,14.41460037,,,,11.07540989,,,,,,,,,,,,,,,,,,,
A,Annual,UKR,Ukraine,WB_EDSTATS_UIS_FOSGP_5T8_F500600700,"Percentage of graduates from Science, Technology, Engineering and Mathematics programmes in tertiary education, (%)",SHARE,Share (proportion),WB_EDSTATS,Education Statistics,0,Units,A,Normal value,PU,Public,,36.79994965,,30.62811089,28.70751953,26.51762962,,25.05303955,24.8407402,24.76848984,24.7742691,25.86379051,26.44123077,26.49757957,25.75535011,,,26.73137093,26.65357018,24.21928024,25.28449059,25.05327034,24.25451088,25.66382027,,
A,Annual,URY,Uruguay,WB_EDSTATS_UIS_FOSGP_5T8_F500600700,"Percentage of graduates from Science, Technology, Engineering and Mathematics programmes in tertiary education, (%)",SHARE,Share (proportion),WB_EDSTATS,Education Statistics,0,Units,A,Normal value,PU,Public,,,,,,,,,,11.73894024,12.01690006,13.63741016,15.60058022,,,,,,,17.45410919,18.97707939,17.22275925,15.2372303,18.56999969,,
A,Annual,USA,United States,WB_EDSTATS_UIS_FOSGP_5T8_F500600700,"Percentage of graduates from Science, Technology, Engineering and Mathematics programmes in tertiary education, (%)",SHARE,Share (proportion),WB_EDSTATS,Education Statistics,0,Units,A,Normal value,PU,Public,,17.73847961,,,,,,,,,,,,,,15.35387993,15.7634697,17.36795044,17.92020988,,,19.23321915,19.55306053,20.07167053,,
A,Annual,UZB,Uzbekistan,WB_EDSTATS_UIS_FOSGP_5T8_F500600700,"Percentage of graduates from Science, Technology, Engineering and Mathematics programmes in tertiary education, (%)",SHARE,Share (proportion),WB_EDSTATS,Education Statistics,0,Units,A,Normal value,PU,Public,,,,,,,,,,,,,,,,,,,32.10533142,31.51055908,35.15914154,34.47679901,36.93201065,32.79058838,,
A,Annual,VCT,St. Vincent and the Grenadines,WB_EDSTATS_UIS_FOSGP_5T8_F500600700,"Percentage of graduates from Science, Technology, Engineering and Mathematics programmes in tertiary education, (%)",SHARE,Share (proportion),WB_EDSTATS,Education Statistics,0,Units,A,Normal value,PU,Public,,0.0,0.0,0.0,0.0,0.0,0.0,,,,,,,,,,,,,,,,,,,
A,Annual,VEN,"Venezuela, RB",WB_EDSTATS_UIS_FOSGP_5T8_F500600700,"Percentage of graduates from Science, Technology, Engineering and Mathematics programmes in tertiary education, (%)",SHARE,Share (proportion),WB_EDSTATS,Education Statistics,0,Units,A,Normal value,PU,Public,,,26.44799042,,,,,,,,,,,,,,,,,,,,,,,
A,Annual,VGB,British Virgin Islands,WB_EDSTATS_UIS_FOSGP_5T8_F500600700,"Percentage of graduates from Science, Technology, Engineering and Mathematics programmes in tertiary education, (%)",SHARE,Share (proportion),WB_EDSTATS,Education Statistics,0,Units,A,Normal value,PU,Public,,,,,0.0,,,,,,,26.89654922,,,,,,,,,,,,37.26068115,35.19380188,
A,Annual,VNM,Viet Nam,WB_EDSTATS_UIS_FOSGP_5T8_F500600700,"Percentage of graduates from Science, Technology, Engineering and Mathematics programmes in tertiary education, (%)",SHARE,Share (proportion),WB_EDSTATS,Education Statistics,0,Units,A,Normal value,PU,Public,,,,,,,,21.25387955,,20.46433067,19.7641201,19.75733948,16.76247025,,24.04920006,,,23.41543007,22.67547989,,,,,,,
A,Annual,WSM,Samoa,WB_EDSTATS_UIS_FOSGP_5T8_F500600700,"Percentage of graduates from Science, Technology, Engineering and Mathematics programmes in tertiary education, (%)",SHARE,Share (proportion),WB_EDSTATS,Education Statistics,0,Units,A,Normal value,PU,Public,52.5,43.40658951,24.3842392,,,,,,,,,,,,,,,,,9.3155899,9.31779957,8.07898998,7.2953701,6.38297987,,
A,Annual,ZAF,South Africa,WB_EDSTATS_UIS_FOSGP_5T8_F500600700,"Percentage of graduates from Science, Technology, Engineering and Mathematics programmes in tertiary education, (%)",SHARE,Share (proportion),WB_EDSTATS,Education Statistics,0,Units,A,Normal value,PU,Public,,,,,,,,,,,,,,,,,19.55150032,19.58884048,18.48506927,18.57234001,18.28119087,18.32671928,17.41242027,18.71063042,,
A,Annual,ZWE,Zimbabwe,WB_EDSTATS_UIS_FOSGP_5T8_F500600700,"Percentage of graduates from Science, Technology, Engineering and Mathematics programmes in tertiary education, (%)",SHARE,Share (proportion),WB_EDSTATS,Education Statistics,0,Units,A,Normal value,PU,Public,,,,,,,,,,,,,25.19502068,24.15719986,24.32908058,,,30.22402954,,,,,,,,
